DSC_1471_JPG.rf.dc0b614fedce4a49db2b6ef29114a47e.jpg,8.28288
DSC_1472_JPG.rf.ead9b4ae7273c6201e895621fa979bc1.jpg,7.90918
DSC_1473_JPG.rf.7809dcf6a16d882da7296a77c4f1a5ff.jpg,8.11676
DSC_1474_JPG.rf.d46286592a09a4fac3988110176b120b.jpg,9.75834
DSC_1475_JPG.rf.ec651dab9179a861f993fa92190dbf5e.jpg,9.21015
DSC_1476_JPG.rf.09edffa370c05ea72ac409492d9657c0.jpg,9.00065
DSC_1477_JPG.rf.5cee425e6a433ea159bcde98e08aa74a.jpg,8.64393
DSC_1478_JPG.rf.16f37c637915faaf9355dfbeadcb5d27.jpg,9.25026
DSC_1479_JPG.rf.e1222f8bfb362b7bc4fee848b1c049a9.jpg,7.56526
DSC_1480_JPG.rf.0e2854f1945e66620ee1360670898d75.jpg,7.29999
DSC_1481_JPG.rf.23d7e054e624d2d4b906fb0a33b2a246.jpg,7.06692
DSC_1482_JPG.rf.054dbe98fd0a1cdddd42d7aceeacfb39.jpg,7.11266
DSC_1483_JPG.rf.2fc9a01ea1ccfe8451018f6479220c1a.jpg,7.55707
DSC_1484_JPG.rf.b81aca703cfb1dcb6007a2d744842029.jpg,7.0716
DSC_1485_JPG.rf.aeda184766dbff22a7f217bfa1999105.jpg,7.94649
DSC_1486_JPG.rf.bd27bf7770e5f2774a02190e70f9ea6b.jpg,7.46251
DSC_1487_JPG.rf.4caa62934ef16ff2e3385d350fce803d.jpg,7.11119
DSC_1488_JPG.rf.6f2c1659e19f47596bc89304af0476e4.jpg,7.26352
DSC_1489_JPG.rf.0eecabe87f0e164d1b31c477055d2be9.jpg,9.44845
DSC_1490_JPG.rf.3bcdeae8e1f7ba205a60daac56b670ad.jpg,7.26496
DSC_1491_JPG.rf.452516eb9f95dc957a2f630571c0254e.jpg,7.69614
DSC_1493_JPG.rf.0978cba6072536d9da33fdaff0693c90.jpg,7.94591
DSC_1494_JPG.rf.868da5c606ad7d0b433775a68bd3d4fb.jpg,7.55174
,7.966076364
,7.6307